Metric,Value
Best Dice Score,0.8538277278939596
Final Train Loss,0.1708427119713563
Final Val Loss,0.16634116522394693
